Title,Date
"Amor e Anarquia: Temporada 1: Arrependimentos","06/11/2022"
"Superstore: Uma Loja de Inconveniências: Temporada 2: Feira do Bem-Estar","06/11/2022"
"Superstore: Uma Loja de Inconveniências: Temporada 2: Loja superquente","06/11/2022"
"Superstore: Uma Loja de Inconveniências: Temporada 2: Dia dos Namorados","01/11/2022"
"Superstore: Uma Loja de Inconveniências: Temporada 2: Almoço de meninas","01/11/2022"
"Superstore: Uma Loja de Inconveniências: Temporada 2: Troca de marca","31/10/2022"
"Superstore: Uma Loja de Inconveniências: Temporada 2: Achados e perdidos","31/10/2022"
"Superstore: Uma Loja de Inconveniências: Temporada 2: Black Friday","31/10/2022"
"Superstore: Uma Loja de Inconveniências: Temporada 2: Contratando para o Natal","31/10/2022"
"Superstore: Uma Loja de Inconveniências: Temporada 2: Dia de eleição","31/10/2022"
"Superstore: Uma Loja de Inconveniências: Temporada 2: Roubo no Halloween","31/10/2022"
"Superstore: Uma Loja de Inconveniências: Temporada 2: Dia de Adoção de Cães","31/10/2022"
"Superstore: Uma Loja de Inconveniências: Temporada 2: O escândalo do porta-voz","30/10/2022"
"Superstore: Uma Loja de Inconveniências: Temporada 2: Armas, pílulas e o corvo","30/10/2022"
"Superstore: Uma Loja de Inconveniências: Temporada 2: De volta ao trabalho","30/10/2022"
"Superstore: Uma Loja de Inconveniências: Temporada 2: Greve","30/10/2022"
"Inventando Anna: Minissérie: Duas fontes numa tacada só","30/10/2022"
"Cyberpunk: Mercenários: Decepção","29/10/2022"
"Superstore: Uma Loja de Inconveniências: Temporada 2: Olimpíadas","29/10/2022"
"Cyberpunk: Mercenários: Pouso na lua","28/10/2022"
"Cyberpunk: Mercenários: Estado geral da gangue","28/10/2022"
"Cyberpunk: Mercenários: Fique","28/10/2022"
"Cyberpunk: Mercenários: Mais forte","28/10/2022"
"Cyberpunk: Mercenários: Sorte?","28/10/2022"
"Cyberpunk: Mercenários: Morte e fogueira","27/10/2022"
"Cyberpunk: Mercenários: Chamando atenção","26/10/2022"
"Cyberpunk: Mercenários: Conhecendo a gangue","25/10/2022"
"Cyberpunk: Mercenários: Força feminina","24/10/2022"
"Superstore: Uma Loja de Inconveniências: Temporada 1: Parto","23/10/2022"
"Superstore: Uma Loja de Inconveniências: Temporada 1: Rebaixamento","23/10/2022"
"Guia Astrológico para Corações Partidos: Temporada 1: Áries","23/10/2022"
"Superstore: Uma Loja de Inconveniências: Temporada 1: Noite na loja","20/10/2022"
"Superstore: Uma Loja de Inconveniências: Temporada 1: Promoção de casamento","20/10/2022"
"Mimadinhos","20/10/2022"
"Uncoupled: Capítulo 8","16/10/2022"
"Isso é um Bolo?: Temporada 1: Fast-food ou bolo?","15/10/2022"
"Superstore: Uma Loja de Inconveniências: Temporada 1: Guerra das Cores","15/10/2022"
"Amor e Anarquia: Temporada 1: Feira literária","15/10/2022"
"Amor e Anarquia: Temporada 1: Emprego fixo","15/10/2022"
"Superstore: Uma Loja de Inconveniências: Temporada 1: Cliente oculto","15/10/2022"
"Superstore: Uma Loja de Inconveniências: Temporada 1: Ladra","15/10/2022"
"Uncoupled: Capítulo 7","14/10/2022"
"Amor e Anarquia: Temporada 1: Stream-Us","14/10/2022"
"Amor e Anarquia: Temporada 1: Surpresas","14/10/2022"
"Amor e Anarquia: Temporada 1: Como tudo começou","14/10/2022"
"Superstore: Uma Loja de Inconveniências: Temporada 1: Manequim","09/10/2022"
"Superstore: Uma Loja de Inconveniências: Temporada 1: Vacinas e molhos","09/10/2022"
"Uncoupled: Capítulo 6","08/10/2022"
"Uncoupled: Capítulo 5","05/10/2022"
"Inventando Anna: Minissérie: Diabólica","05/10/2022"
"Uncoupled: Capítulo 4","05/10/2022"
"Uncoupled: Capítulo 3","05/10/2022"
"Master of None: Temporada 1: Pais","04/10/2022"
"Master of None: Temporada 1: Plano B","04/10/2022"
"The Politician: Temporada 1: Piloto","04/10/2022"
"Uncoupled: Capítulo 2","04/10/2022"
"Uncoupled: Capítulo 1","04/10/2022"
"Please Like Me: Temporada 1: Ruibarbo e creme inglês","04/10/2022"
"Please Like Me: Temporada 1: Torrada francesa","04/10/2022"
"Detox: Não somos incríveis?","04/10/2022"
"The Bold Type: Temporada 1: Não pode ser!","04/10/2022"
"Emily em Paris: Temporada 1: Sexy ou sexista","04/10/2022"
"Emily em Paris: Temporada 1: Palavras masculinas","04/10/2022"
"Emily em Paris: Temporada 1: Emily em Paris","04/10/2022"
"Superstore: Uma Loja de Inconveniências: Temporada 1: Matéria na revista","04/10/2022"
"Inventando Anna: Minissérie: Vida de VIP","04/10/2022"
"The Bold Type: Temporada 1: Piloto","04/10/2022"
"Horsin' Around","03/10/2022"
"Love: Temporada 1: O começo","03/10/2022"
"Love: Temporada 3: Ilha Catalina","03/10/2022"
"Love: Temporada 3: Aniversário de casamento","03/10/2022"
"Love: Temporada 3: Os Cruikshank","03/10/2022"
"Love: Temporada 3: Gran Torino","02/10/2022"
"Love: Temporada 3: Show de acrobacias","02/10/2022"
"Love: Temporada 3: Sarah, a ex da faculdade","02/10/2022"
"Dahmer: Um Canibal Americano: Monstro: A História de Jeffrey Dahmer: Deus do perdão, Deus da vingança","01/10/2022"
"Dahmer: Um Canibal Americano: Monstro: A História de Jeffrey Dahmer: Bicho-papão","01/10/2022"
"Dahmer: Um Canibal Americano: Monstro: A História de Jeffrey Dahmer: Lionel","01/10/2022"
"Dahmer: Um Canibal Americano: Monstro: A História de Jeffrey Dahmer: Cassandra","01/10/2022"
"Dahmer: Um Canibal Americano: Monstro: A História de Jeffrey Dahmer: Silenciado","01/10/2022"
"Dahmer: Um Canibal Americano: Monstro: A História de Jeffrey Dahmer: Mãos sujas de sangue","01/10/2022"
"Dahmer: Um Canibal Americano: Monstro: A História de Jeffrey Dahmer: A caixa do bom menino","01/10/2022"
"Dahmer: Um Canibal Americano: Monstro: A História de Jeffrey Dahmer: Fazer o Dahmer","01/10/2022"
"The Umbrella Academy: Temporada 1: A gente só se encontra em casamentos e funerais","01/10/2022"
"Dahmer: Um Canibal Americano: Monstro: A História de Jeffrey Dahmer: Não vai, por favor","01/10/2022"
"Dahmer: Um Canibal Americano: Monstro: A História de Jeffrey Dahmer: Episódio um","30/09/2022"
"Breaking Bad: Temporada 1: Piloto","30/09/2022"
"Entergalactic","30/09/2022"
"Love: Temporada 3: Direção: Gus Cruikshank","28/09/2022"
"Love: Temporada 3: O aniversário de Bertie","28/09/2022"
"Love: Temporada 3: Na saúde e na doença","28/09/2022"
"Love: Temporada 3: Arya e Greg","28/09/2022"
"Love: Temporada 3: Vitórias e derrotas","28/09/2022"
"Love: Temporada 3: Passeio em Palm Springs","27/09/2022"
"Love: Temporada 2: Olha quem voltou","27/09/2022"
"Love: Temporada 2: D de distância","27/09/2022"
"Love: Temporada 2: Transtornos da liberdade","27/09/2022"
"Love: Temporada 2: Tomando conta da casa","27/09/2022"
"Love: Temporada 2: Marty Dobbs","27/09/2022"
"Love: Temporada 2: A festa do trabalho","26/09/2022"
"Love: Temporada 2: Pausa forçada","25/09/2022"
"Love: Temporada 2: Um dia","25/09/2022"
"Love: Temporada 2: Cogumelos mágicos","25/09/2022"
"Love: Temporada 2: Enquanto você dormia","25/09/2022"
"Love: Temporada 2: Jantar entre amigos","25/09/2022"
"Love: Temporada 2: Confinamento","25/09/2022"
"Love: Temporada 1: O fim do começo","25/09/2022"
"Love: Temporada 1: Leitura do script","25/09/2022"
"Uma Advogada Extraordinária: O vestido de noiva que caiu","18/09/2022"
"Uma Advogada Extraordinária: A extraordinária advogada Woo","18/09/2022"
"Love: Temporada 1: Créditos","11/09/2022"
"Love: Temporada 1: Magia","11/09/2022"
"Love: Temporada 1: Andy","11/09/2022"
"Love: Temporada 1: O encontro","11/09/2022"
"Love: Temporada 1: A festa","11/09/2022"
"Love: Temporada 1: O teste","11/09/2022"
"Love: Temporada 1: Um longo dia","11/09/2022"
"Superstore: Uma Loja de Inconveniências: Temporada 1: Piloto","11/09/2022"
"Garota Interrompida","11/09/2022"
"Uma viagem muito louca","31/07/2022"
"Projeto X - Uma Festa Fora de Controle","31/07/2022"
"De Volta ao Baile","30/07/2022"
"Um Match Surpresa","30/07/2022"
"Espontânea","30/07/2022"
"ONE PIECE: Alabasta: Episódio 115","29/06/2022"
"Peaky Blinders: Sangue, Apostas e Navalhas: Temporada 2: Episódio 4","24/06/2022"
"Peaky Blinders: Sangue, Apostas e Navalhas: Temporada 2: Episódio 3","24/06/2022"
"Peaky Blinders: Sangue, Apostas e Navalhas: Temporada 2: Episódio 2","19/06/2022"
"Peaky Blinders: Sangue, Apostas e Navalhas: Temporada 2: Episódio 1","19/06/2022"
"Peaky Blinders: Sangue, Apostas e Navalhas: Temporada 1: Episódio 6","19/06/2022"
"Peaky Blinders: Sangue, Apostas e Navalhas: Temporada 1: Episódio 5","19/06/2022"
"Aggretsuko: Temporada 3: Sem dinheiro","19/06/2022"
"Aggretsuko: Temporada 3: As coisas boas da vida","19/06/2022"
"Peaky Blinders: Sangue, Apostas e Navalhas: Temporada 1: Episódio 4","18/06/2022"
"Peaky Blinders: Sangue, Apostas e Navalhas: Temporada 1: Episódio 3","18/06/2022"
"Peaky Blinders: Sangue, Apostas e Navalhas: Temporada 1: Episódio 2","18/06/2022"
"Peaky Blinders: Sangue, Apostas e Navalhas: Temporada 1: Episódio 1","18/06/2022"
"Bem-vindos ao Éden: Temporada 1: A viagem da sua vida","18/06/2022"
"Seis Vezes Confusão","13/06/2022"
"Love, Death & Robots: Volume 3: O mesmo pulso da máquina","31/05/2022"
"Superstore: Uma Loja de Inconveniências: Temporada 6: Liquidação","31/05/2022"
"Superstore: Uma Loja de Inconveniências: Temporada 6: Loja perfeita","30/05/2022"
"Superstore: Uma Loja de Inconveniências: Temporada 6: Lowell Anderson","30/05/2022"
"Superstore: Uma Loja de Inconveniências: Temporada 6: Pesquisas de satisfação","30/05/2022"
"Superstore: Uma Loja de Inconveniências: Temporada 6: Faxina pesada","30/05/2022"
"Superstore: Uma Loja de Inconveniências: Temporada 6: Depoimentos","30/05/2022"
"Superstore: Uma Loja de Inconveniências: Temporada 6: Conspiração","30/05/2022"
"Superstore: Uma Loja de Inconveniências: Temporada 6: Regras","30/05/2022"
"Superstore: Uma Loja de Inconveniências: Temporada 6: Superação","29/05/2022"
"Superstore: Uma Loja de Inconveniências: Temporada 6: Biscoito","29/05/2022"
"Superstore: Uma Loja de Inconveniências: Temporada 6: Produtos de cabelo","29/05/2022"
"Superstore: Uma Loja de Inconveniências: Temporada 6: Roda","29/05/2022"
"Superstore: Uma Loja de Inconveniências: Temporada 6: Supervisor","28/05/2022"
"Superstore: Uma Loja de Inconveniências: Temporada 6: Califórnia – Parte 2","28/05/2022"
"Superstore: Uma Loja de Inconveniências: Temporada 6: Essenciais","28/05/2022"
"Love, Death & Robots: Volume 3: Viagem ruim","28/05/2022"
"Love, Death & Robots: Volume 3: Os três robôs","28/05/2022"
"Superstore: Uma Loja de Inconveniências: Temporada 5: Califórnia – Parte 1","27/05/2022"
"Superstore: Uma Loja de Inconveniências: Temporada 5: Safári de clientes","27/05/2022"
"Superstore: Uma Loja de Inconveniências: Temporada 5: A volta de Carol","27/05/2022"
"Superstore: Uma Loja de Inconveniências: Temporada 5: Companhia para o garotinho","26/05/2022"
"Superstore: Uma Loja de Inconveniências: Temporada 5: Zephra se importa","26/05/2022"
"Superstore: Uma Loja de Inconveniências: Temporada 5: Aplicativo do funcionário","26/05/2022"
"Superstore: Uma Loja de Inconveniências: Temporada 5: Bufê de cereais","26/05/2022"
"Superstore: Uma Loja de Inconveniências: Temporada 5: Casamento de Sandra","25/05/2022"
"Superstore: Uma Loja de Inconveniências: Temporada 5: Favoritismo","25/05/2022"
"Superstore: Uma Loja de Inconveniências: Temporada 5: Myrtle","25/05/2022"
"Superstore: Uma Loja de Inconveniências: Temporada 5: CEO mulher","25/05/2022"
"Superstore: Uma Loja de Inconveniências: Temporada 5: Negociação","25/05/2022"
"Superstore: Uma Loja de Inconveniências: Temporada 5: Entrega de pedidos","25/05/2022"
"Superstore: Uma Loja de Inconveniências: Temporada 5: Doação de brinquedos","24/05/2022"
"Superstore: Uma Loja de Inconveniências: Temporada 5: Reabilitação de ladrões","24/05/2022"
"Superstore: Uma Loja de Inconveniências: Temporada 5: Halloween","24/05/2022"
"Superstore: Uma Loja de Inconveniências: Temporada 5: Autocuidado","24/05/2022"
"Superstore: Uma Loja de Inconveniências: Temporada 5: Shopping fechado","24/05/2022"
"Superstore: Uma Loja de Inconveniências: Temporada 5: Contratação forçada","24/05/2022"
"Superstore: Uma Loja de Inconveniências: Temporada 5: Testemunhos","23/05/2022"
"Superstore: Uma Loja de Inconveniências: Temporada 5: Cloud 9.0","23/05/2022"
"Superstore: Uma Loja de Inconveniências: Temporada 4: Dia de Agradecer ao Funcionário","23/05/2022"
"Superstore: Uma Loja de Inconveniências: Temporada 4: A luta de Sandra","23/05/2022"
"Superstore: Uma Loja de Inconveniências: Temporada 4: A foto viralizada","23/05/2022"
"Superstore: Uma Loja de Inconveniências: Temporada 4: Scanners","23/05/2022"
"Superstore: Uma Loja de Inconveniências: Temporada 4: Cloud verde","23/05/2022"
"Superstore: Uma Loja de Inconveniências: Temporada 4: Festa de quinze anos","23/05/2022"
"Superstore: Uma Loja de Inconveniências: Temporada 4: Páscoa","23/05/2022"
"Superstore: Uma Loja de Inconveniências: Temporada 4: Salário","23/05/2022"
"Superstore: Uma Loja de Inconveniências: Temporada 4: Pequenos crimes","23/05/2022"
"Superstore: Uma Loja de Inconveniências: Temporada 4: Pombinhos","23/05/2022"
"Superstore: Uma Loja de Inconveniências: Temporada 4: Nevasca","22/05/2022"
"Superstore: Uma Loja de Inconveniências: Temporada 4: Campeonato de passos","22/05/2022"
"Superstore: Uma Loja de Inconveniências: Temporada 4: Academia da Cloud 9","22/05/2022"
"Superstore: Uma Loja de Inconveniências: Temporada 4: Treinamento do Glenn","22/05/2022"
"Superstore: Uma Loja de Inconveniências: Temporada 4: Conferência dos gerentes","22/05/2022"
"Superstore: Uma Loja de Inconveniências: Temporada 4: Nova política","22/05/2022"
"Superstore: Uma Loja de Inconveniências: Temporada 4: Licença-maternidade","22/05/2022"
"Superstore: Uma Loja de Inconveniências: Temporada 4: Trabalho de parto","22/05/2022"
"Superstore: Uma Loja de Inconveniências: Temporada 4: Concurso de fantasias","22/05/2022"
"Superstore: Uma Loja de Inconveniências: Temporada 4: Local de trabalho tóxico","22/05/2022"
"Superstore: Uma Loja de Inconveniências: Temporada 4: Chá de bebê","21/05/2022"
"Superstore: Uma Loja de Inconveniências: Temporada 4: Volta às aulas","21/05/2022"
"Superstore: Uma Loja de Inconveniências: Temporada 3: Reunião pública","21/05/2022"
"Superstore: Uma Loja de Inconveniências: Temporada 3: Consequências","21/05/2022"
"Superstore: Uma Loja de Inconveniências: Temporada 3: Chá de revelação","21/05/2022"
"Superstore: Uma Loja de Inconveniências: Temporada 3: Loteria","21/05/2022"
"Superstore: Uma Loja de Inconveniências: Temporada 3: Dia dos vendedores locais","21/05/2022"
"Superstore: Uma Loja de Inconveniências: Temporada 3: Gerente regional","21/05/2022"
"Superstore: Uma Loja de Inconveniências: Temporada 3: Target","21/05/2022"
"Superstore: Uma Loja de Inconveniências: Temporada 3: Anistia","21/05/2022"
"Superstore: Uma Loja de Inconveniências: Temporada 3: Treinamento de segurança","21/05/2022"
"Superstore: Uma Loja de Inconveniências: Temporada 3: Lançamento do jogo","21/05/2022"
"Superstore: Uma Loja de Inconveniências: Temporada 3: Dia da marmota","21/05/2022"
"Superstore: Uma Loja de Inconveniências: Temporada 3: Anjos e sereias","19/05/2022"
"Superstore: Uma Loja de Inconveniências: Temporada 3: Loja com alto volume de venda","19/05/2022"
"Superstore: Uma Loja de Inconveniências: Temporada 3: Festa do Globo de Ouro","19/05/2022"
"Superstore: Uma Loja de Inconveniências: Temporada 3: Vídeo viral","19/05/2022"
"Superstore: Uma Loja de Inconveniências: Temporada 3: Véspera de Natal","19/05/2022"
"Superstore: Uma Loja de Inconveniências: Temporada 3: Fundo de saúde","19/05/2022"
"Superstore: Uma Loja de Inconveniências: Temporada 3: Sal está morto","19/05/2022"
"Superstore: Uma Loja de Inconveniências: Temporada 3: Bullying no local de trabalho","19/05/2022"
"Superstore: Uma Loja de Inconveniências: Temporada 3: Funcionárias de meio período","18/05/2022"
"Superstore: Uma Loja de Inconveniências: Temporada 3: Brett está morto","18/05/2022"
"Superstore: Uma Loja de Inconveniências: Temporada 3: Grande reinauguração","18/05/2022"
"Superstore: Uma Loja de Inconveniências: Temporada 2: Tornado","18/05/2022"
"Superstore: Uma Loja de Inconveniências: Temporada 2: Casamento de Cheyenne","18/05/2022"
"Superstore: Uma Loja de Inconveniências: Temporada 2: Limpeza da primavera","18/05/2022"
"Superstore: Uma Loja de Inconveniências: Temporada 2: Filhos de Glenn","18/05/2022"
"Superstore: Uma Loja de Inconveniências: Temporada 2: Último dia de Mateo","18/05/2022"
"Superstore: Uma Loja de Inconveniências: Temporada 2: Prêmio de Integridade","18/05/2022"
"BEASTARS - O Lobo Bom: Temporada 2: O gosto da rebelião","16/05/2022"
"BEASTARS - O Lobo Bom: Temporada 2: O duelo","16/05/2022"
"BEASTARS - O Lobo Bom: Temporada 2: Consciência pesada","15/05/2022"
"BEASTARS - O Lobo Bom: Temporada 2: Novos poderes","15/05/2022"
"BEASTARS - O Lobo Bom: Temporada 2: Para ganhar likes","15/05/2022"
"BEASTARS - O Lobo Bom: Temporada 2: Doçura inesquecível","15/05/2022"
"BEASTARS - O Lobo Bom: Temporada 2: Respeito pela vida","15/05/2022"
"BEASTARS - O Lobo Bom: Temporada 2: Jornada dupla","15/05/2022"
"BEASTARS - O Lobo Bom: Temporada 2: O ataque","15/05/2022"
"BEASTARS - O Lobo Bom: Temporada 2: Mudanças","15/05/2022"
"BEASTARS - O Lobo Bom: Temporada 2: Em busca da verdade","15/05/2022"
"BEASTARS - O Lobo Bom: Temporada 2: Problemas fantasmagóricos","15/05/2022"
"BEASTARS - O Lobo Bom: Temporada 1: Depois da tempestade","15/05/2022"
"BEASTARS - O Lobo Bom: Temporada 1: A fuga","15/05/2022"
"BEASTARS - O Lobo Bom: Temporada 1: Lobo em pele de cordeiro","15/05/2022"
"BEASTARS - O Lobo Bom: Temporada 1: Na cova dos leões","15/05/2022"
"BEASTARS - O Lobo Bom: Temporada 1: Como fio dental entre os dentes","15/05/2022"
"BEASTARS - O Lobo Bom: Temporada 1: Embaixo do casaco de pele","14/05/2022"
"BEASTARS - O Lobo Bom: Temporada 1: Sonho ou realidade?","14/05/2022"
"BEASTARS - O Lobo Bom: Temporada 1: Dois lados da história","13/05/2022"
"BEASTARS - O Lobo Bom: Temporada 1: Dar tudo de si","13/05/2022"
"BEASTARS - O Lobo Bom: Temporada 1: Nasce um lobo","13/05/2022"
"BEASTARS - O Lobo Bom: Temporada 1: Os melhores da escola","13/05/2022"
"BEASTARS - O Lobo Bom: Temporada 1: A lua e a fera","13/05/2022"
"Vikings: Temporada 2: Guerra entre irmãos","13/05/2022"
"Cowboy Bebop: Jamming with Edward","13/05/2022"
"Cowboy Bebop: Valsa para Vênus","13/05/2022"
"Archer: Temporada 12: Missão: difícil","12/05/2022"
"Archer: Temporada 12: Colt expresso","12/05/2022"
"Archer: Temporada 12: Dingo, namorada, etc.","12/05/2022"
"Archer: Temporada 12: Shots","12/05/2022"
"Archer: Temporada 12: Tudo pela imagem","12/05/2022"
"Archer: Temporada 12: Hora de Londres","12/05/2022"
"Archer: Temporada 12: Sequestrados","10/05/2022"
"Archer: Temporada 12: Crise de identidade","10/05/2022"
"Archer: Temporada 11: Mistério no frio","10/05/2022"
"Archer: Temporada 11: Sequestro","10/05/2022"
"Archer: Temporada 11: Encontro duplo","10/05/2022"
"Archer: Temporada 11: Melhores amigos","10/05/2022"
"Archer: Temporada 11: Fábrica de robôs","09/05/2022"
"Archer: Temporada 11: Ajuda","09/05/2022"
"Archer: Temporada 11: Torneio de artes marciais","09/05/2022"
"Archer: Temporada 11: Estátua de Orfeu","09/05/2022"
"Archer: Temporada 10: Robert De Niro","09/05/2022"
"Archer: Temporada 10: Cuberto","09/05/2022"
"Archer: Temporada 10: Piratas espaciais","09/05/2022"
"Archer: Temporada 10: Viagem","09/05/2022"
"Archer: Temporada 10: O Sr. Mortal chegou","07/05/2022"
"Archer: Temporada 10: Jantando com Zarglorp","07/05/2022"
"Archer: Temporada 10: Os restos","07/05/2022"
"Archer: Temporada 10: O aniversário do Bort","05/05/2022"
"Archer: Temporada 10: Bort, o Garj","27/04/2022"
"Archer: Temporada 9: Uma descoberta","27/04/2022"
"Archer: Temporada 9: Comparação da maldade entre povos civilizados e selvagens","26/04/2022"
"Archer: Temporada 9: Alguns comentários sobre canibalismo","26/04/2022"
"Archer: Temporada 9: Coisas estranhas na selva tabu","26/04/2022"
"Archer: Temporada 9: Um guerreiro disfarçado","26/04/2022"
"Archer: Temporada 9: Modos diferentes de preparar a fruta","26/04/2022"
"Archer: Temporada 9: Situação preocupante","26/04/2022"
"Archer: Temporada 9: Piloto estranho","25/04/2022"
"Archer: Temporada 8: Descobertas","25/04/2022"
"Archer: Temporada 8: Alabardas!","25/04/2022"
"Archer: Temporada 8: Lua convexa","25/04/2022"
"Archer: Temporada 8: Despertar","25/04/2022"
"Archer: Temporada 8: Dedo de moça","25/04/2022"
"Archer: Temporada 8: Fulana de Tal","25/04/2022"
"Archer: Temporada 8: Berenice","25/04/2022"
"Archer: Temporada 8: A vida não é justa","24/04/2022"
"Archer: Temporada 7: Por trás das câmeras - Parte 2","24/04/2022"
"Archer: Temporada 7: Por trás das câmeras - Parte 1","24/04/2022"
"Archer: Temporada 7: Almoço líquido","24/04/2022"
"Archer: Temporada 7: Indecência dupla","24/04/2022"
"Archer: Temporada 7: Baile de gala - Parte 2","23/04/2022"
"Archer: Temporada 7: Baile de gala - Parte 1","23/04/2022"
"Archer: Temporada 7: Órfão de mãe","22/04/2022"
"Archer: Temporada 7: Encontro mortal","22/04/2022"
"Archer: Temporada 7: A entrega","22/04/2022"
"Archer: Temporada 6: Sequência de reignição","22/04/2022"
"Archer: Temporada 7: Agência Figgis","22/04/2022"
"Archer: Temporada 6: Viagem drástica: parte II","22/04/2022"
"Archer: Temporada 6: Viagem drástica - Parte 1","22/04/2022"
"Archer: Temporada 6: Eles não gostam de vogais","22/04/2022"
"Archer: Temporada 6: Corretora exclusiva","22/04/2022"
"Archer: Temporada 6: Os Kane","22/04/2022"
"Archer: Temporada 6: Nellis","22/04/2022"
"Archer: Temporada 6: Babá","21/04/2022"
"Archer: Temporada 6: Enquanto isso, no elevador","21/04/2022"
"Archer: Temporada 6: O casamento da Edie","21/04/2022"
"Archer: Temporada 6: A sanção do Archer","21/04/2022"
"The House","19/04/2022"
"Archer: Temporada 6: Tango a três","19/04/2022"
"Archer: Temporada 6: A indecisão","19/04/2022"
"Archer: Temporada 5: Chegadas e partidas","19/04/2022"
"Archer: Temporada 5: Obstrução","19/04/2022"
"Archer: Temporada 5: Intriga no palácio - Parte 2","18/04/2022"
"Archer: Temporada 5: Intriga no palácio - Parte 1","18/04/2022"
"Archer: Temporada 5: Chá de bebê","18/04/2022"
"Archer: Temporada 5: No tapete","18/04/2022"
"Archer: Temporada 5: Regras de extração","18/04/2022"
"Archer: Temporada 5: Blues dos traficantes","18/04/2022"
"Archer: Temporada 5: Vamos para o sul","18/04/2022"
"Archer: Temporada 5: Visita","13/04/2022"
"Archer: Temporada 5: Dívida de honra","13/04/2022"
"Archer: Temporada 5: Um beijo morrendo","13/04/2022"
"Archer: Temporada 5: Aniversário explosivo","13/04/2022"
"Archer: Temporada 4: Tunt no mar - Parte 2","13/04/2022"
"Archer: Temporada 4: Tunt no mar - Parte 1","12/04/2022"
"Archer: Temporada 4: Vossa Santidade em perigo","12/04/2022"
"Archer: Temporada 4: Latido alto","12/04/2022"
"Archer: Temporada 4: Recém casados","12/04/2022"
"Archer: Temporada 4: Coyote, o adorável","12/04/2022"
"Archer: Temporada 4: Viva e deixe jantar","12/04/2022"
"Archer: Temporada 4: Uma vez mordido","12/04/2022"
"Archer: Temporada 4: Acoplamento viscoso","12/04/2022"
"Archer: Temporada 4: Ron da meia-noite","11/04/2022"
"Archer: Temporada 4: Pernas","11/04/2022"
"Archer: Temporada 4: Em plena selva","11/04/2022"
"Archer: Temporada 4: Preciso relaxar","11/04/2022"
"Archer: Temporada 3: Corrida espacial - Parte 2","11/04/2022"
"Archer: Temporada 3: Corrida espacial - Parte 1","11/04/2022"
"Archer: Temporada 3: Jogo de pele","11/04/2022"
"Archer: Temporada 3: Virando a casaca","11/04/2022"
"Archer: Temporada 3: Ferlin sangrenta","11/04/2022"
"Archer: Temporada 3: Escândalo","11/04/2022"
"Archer: Temporada 3: Curvas e derrapadas","11/04/2022"
"Archer: Temporada 3: Expresso para o Canadá","11/04/2022"
"Archer: Temporada 3: El contador","11/04/2022"
"Archer: Temporada 3: Burt Reynolds","11/04/2022"
"Archer: Temporada 3: Coração espião - Parte 3","11/04/2022"
"Archer: Temporada 3: Coração espião - Parte 2","11/04/2022"
"Archer: Temporada 3: Coração espião - Parte 1","11/04/2022"
"Archer: Temporada 2: Problema duplo","11/04/2022"
"Archer: Temporada 2: O sol da meia-noite","10/04/2022"
"Archer: Temporada 2: GP de Mônaco","10/04/2022"
"Archer: Temporada 2: O sequestro","10/04/2022"
"Archer: Temporada 2: Efeito placebo","10/04/2022"
"Archer: Temporada 2: Estágio dois","10/04/2022"
"Archer: Temporada 2: Estrela de cinema","10/04/2022"
"Archer: Temporada 2: Trauma de infância","10/04/2022"
"Archer: Temporada 2: Duplo Dois","09/04/2022"
"Archer: Temporada 2: Missão gasoduto","09/04/2022"
"Archer: Temporada 2: Teste de paternidade","09/04/2022"
"Archer: Temporada 2: ISIS à venda","09/04/2022"
"Archer: Temporada 2: Moça suíça","09/04/2022"
"Archer: Temporada 1: Disque M para mãe","09/04/2022"
"Archer: Temporada 1: Oferta de trabalho","09/04/2022"
"Archer: Temporada 1: A pedra","08/04/2022"
"Archer: Temporada 1: Ameaça","08/04/2022"
"Archer: Temporada 1: Skorpio","08/04/2022"
"Archer: Temporada 1: HoneyPot","07/04/2022"
"Archer: Temporada 1: Matando Utne","07/04/2022"
"Cuphead - A Série: Temporada 1: Jogando os dados","05/04/2022"
"Cuphead - A Série: Temporada 1: Cuidado: frágil","05/04/2022"
"Cuphead - A Série: Temporada 1: Ribby e Croaks","05/04/2022"
"Archer: Temporada 1: Diversidade","04/04/2022"
"Archer: Temporada 1: Dia de treino","04/04/2022"
"Departamento de Conspirações: Parte 1: Na mente da Reagan","04/04/2022"
"Departamento de Conspirações: Parte 1: Caça ao espião","04/04/2022"
"Departamento de Conspirações: Parte 1: Estraga-prazeres","03/04/2022"
"Departamento de Conspirações: Parte 1: Protocolo fantasma","03/04/2022"
"Departamento de Conspirações: Parte 1: Casamento na Terra plana","03/04/2022"
"Departamento de Conspirações: Parte 1: Nostalgia","03/04/2022"
"Departamento de Conspirações: Parte 1: O par perfeito","01/04/2022"
"Departamento de Conspirações: Parte 1: Sangue azul","01/04/2022"
"Departamento de Conspirações: Parte 1: Atirador clonado","01/04/2022"
"Departamento de Conspirações: Parte 1: O presidente robô","31/03/2022"
"Archer: Temporada 1: Piloto: Caçando um espião duplo","30/03/2022"
"Rick and Morty: Temporada 4: A grande missão","30/03/2022"
"Rick and Morty: Temporada 4: Gravidez","30/03/2022"
"Rick and Morty: Temporada 4: O tanque de ácido","29/03/2022"
"Rick and Morty: Temporada 4: Os sugadores","29/03/2022"
"Rick and Morty: Temporada 4: Fãs do Rick","29/03/2022"
"Rick and Morty: Temporada 4: Rattlestar Ricklactica","29/03/2022"
"Rick and Morty: Temporada 4: Fora da lei e com desordem: unidade de vítimas do Morty","29/03/2022"
"Rick and Morty: Temporada 4: Um estranho no ninho de Morty","29/03/2022"
"Rick and Morty: Temporada 4: O velho e a privada","29/03/2022"
"Rick and Morty: Temporada 4: No limite da Morty: Rick, morra, Rickpita","29/03/2022"
"Rick and Morty: Temporada 3: O Mortyencontro Rickchuriano","29/03/2022"
"Rick and Morty: Temporada 3: O ABC da Beth","28/03/2022"
"Rick and Morty: Temporada 3: Pulverizadores de Mente do Morty","28/03/2022"
"Rick and Morty: Temporada 3: A Ricktlântida confusão","26/03/2022"
"Rick and Morty: Temporada 3: Descanso e Rickrelaxamento","26/03/2022"
"Rick and Morty: Temporada 3: A conspiração de Whirly Dirly","26/03/2022"
"Rick and Morty: Temporada 3: Os Justiceiros 3: A volta do Exterminador de Mundos","26/03/2022"
"Rick and Morty: Temporada 3: Rick Pepino","26/03/2022"
"Rick and Morty: Temporada 3: Rickcurtindo a Pedra","26/03/2022"
"Rick and Morty: Temporada 3: A Rickapunhalada Ricksalvação","26/03/2022"
"Rick and Morty: Temporada 2: Casamento intergaláctico","26/03/2022"
"Rick and Morty: Temporada 2: Olha quem está expurgando","26/03/2022"
"Rick and Morty: Temporada 2: TV interdimensional","26/03/2022"
"Rick and Morty: Temporada 2: Confusão em Little Sanchez","24/03/2022"
"Rick and Morty: Temporada 2: Bateria esgotada","24/03/2022"
"Rick and Morty: Temporada 2: Planeta música","24/03/2022"
"Rick and Morty: Temporada 2: Parasitas invasores alienígenas","23/03/2022"
"Rick and Morty: Temporada 2: Assimilação autoerótica","23/03/2022"
"Rick and Morty: Temporada 2: Expresso da meia-noite","23/03/2022"
"Rick and Morty: Temporada 2: Fratura temporal","21/03/2022"
"Rick and Morty: Negócio arriscado","20/03/2022"
"Rick and Morty: Contatos imediatos","20/03/2022"
"Rick and Morty: Uma loja do diabo","20/03/2022"
"Rick and Morty: Realidade alternativa","20/03/2022"
"Rick and Morty: O pequeno Gazorpazorp","20/03/2022"
"Rick and Morty: A Revolta dos Meeseeks","20/03/2022"
"Rick and Morty: Realidade Virtual","20/03/2022"
"John Wick 2: Um Novo Dia Para Matar","20/03/2022"
"Rick and Morty: A poção do Rick","16/03/2022"
"Rick and Morty: Parque das Bactérias","15/03/2022"
"Rick and Morty: Cãortador de grama","15/03/2022"
"Rick and Morty: Piloto","15/03/2022"
"(Des)encanto: Parte 4: O amor é um inferno","15/03/2022"
"Homem-Aranha no Aranhaverso","10/03/2022"
"ONE PIECE: Alabasta: Episódio 114","28/02/2022"
"(Des)encanto: Parte 1: Uma princesa, um elfo e um diabo entram num bar","28/02/2022"
"Cuphead - A Série: Temporada 1: Mamadeira","24/02/2022"
"Cuphead - A Série: Temporada 1: Carna-mal","24/02/2022"
"Megamente","24/02/2022"
"Molang: Temporada 1: The Party","24/02/2022"
"Komi Can't Communicate: É só medo e mais.","24/02/2022"
"Komi Can't Communicate: É só uma amizade de infância e mais.","24/02/2022"
"Komi Can't Communicate: É só que eu queria poder falar.","24/02/2022"
"ONE PIECE: Alabasta: Episódio 113","23/02/2022"
"ONE PIECE: Alabasta: Episódio 112","22/02/2022"
"ONE PIECE: Alabasta: Episódio 111","22/02/2022"
"ONE PIECE: Alabasta: Episódio 110","21/02/2022"
"ONE PIECE: Alabasta: Episódio 109","21/02/2022"
"ONE PIECE: Alabasta: Episódio 108","21/02/2022"
"ONE PIECE: Alabasta: Episódio 107","21/02/2022"
"ONE PIECE: Alabasta: Episódio 106","20/02/2022"
"ONE PIECE: Alabasta: Episódio 105","20/02/2022"
"ONE PIECE: Alabasta: Episódio 104","18/02/2022"
"ONE PIECE: Alabasta: Episódio 103","17/02/2022"
"ONE PIECE: Alabasta: Episódio 102","17/02/2022"
"ONE PIECE: Alabasta: Episódio 101","17/02/2022"
"ONE PIECE: Alabasta: Episódio 100","17/02/2022"
"ONE PIECE: Alabasta: Episódio 99","17/02/2022"
"ONE PIECE: Alabasta: Episódio 98","17/02/2022"
"ONE PIECE: Alabasta: Episódio 97","16/02/2022"
"ONE PIECE: Alabasta: Episódio 96","16/02/2022"
"ONE PIECE: Alabasta: Episódio 95","16/02/2022"
"ONE PIECE: Alabasta: Episódio 94","16/02/2022"
"ONE PIECE: Alabasta: Episódio 93","16/02/2022"
"ONE PIECE: Enter Chopper at the Winter Island: Episódio 92","16/02/2022"
"ONE PIECE: Enter Chopper at the Winter Island: Episódio 91","16/02/2022"
"ONE PIECE: Enter Chopper at the Winter Island: Episódio 90","16/02/2022"
"ONE PIECE: Enter Chopper at the Winter Island: Episódio 89","16/02/2022"
"ONE PIECE: Enter Chopper at the Winter Island: Episódio 88","16/02/2022"
"ONE PIECE: Enter Chopper at the Winter Island: Episódio 87","15/02/2022"
"ONE PIECE: Enter Chopper at the Winter Island: Episódio 86","15/02/2022"
"ONE PIECE: Enter Chopper at the Winter Island: Episódio 85","15/02/2022"
"ONE PIECE: Enter Chopper at the Winter Island: Episódio 84","15/02/2022"
"ONE PIECE: Enter Chopper at the Winter Island: Episódio 83","14/02/2022"
"ONE PIECE: Enter Chopper at the Winter Island: Episódio 78","14/02/2022"
"ONE PIECE: Enter Chopper at the Winter Island: Episódio 82","14/02/2022"
"ONE PIECE: Enter Chopper at the Winter Island: Episódio 81","14/02/2022"
"ONE PIECE: Enter Chopper at the Winter Island: Episódio 80","14/02/2022"
"ONE PIECE: Enter Chopper at the Winter Island: Episódio 79","14/02/2022"
"ONE PIECE: Entering into the Grand Line: Episódio 77","13/02/2022"
"ONE PIECE: Entering into the Grand Line: Episódio 76","13/02/2022"
"ONE PIECE: Entering into the Grand Line: Episódio 75","13/02/2022"
"ONE PIECE: Entering into the Grand Line: Episódio 74","13/02/2022"
"ONE PIECE: Entering into the Grand Line: Episódio 73","13/02/2022"
"ONE PIECE: Entering into the Grand Line: Episódio 72","13/02/2022"
"ONE PIECE: Entering into the Grand Line: Episódio 71","13/02/2022"
"ONE PIECE: Entering into the Grand Line: Episódio 70","12/02/2022"
"ONE PIECE: Entering into the Grand Line: Episódio 69","12/02/2022"
"ONE PIECE: Entering into the Grand Line: Episódio 68","12/02/2022"
"ONE PIECE: Entering into the Grand Line: Episódio 67","12/02/2022"
"ONE PIECE: Entering into the Grand Line: Episódio 66","11/02/2022"
"ONE PIECE: Entering into the Grand Line: Episódio 65","11/02/2022"
"ONE PIECE: Entering into the Grand Line: Episódio 64","11/02/2022"
"ONE PIECE: Entering into the Grand Line: Episódio 63","11/02/2022"
"ONE PIECE: Entering into the Grand Line: Episódio 62","10/02/2022"
"ONE PIECE: East Blue: Episódio 61","10/02/2022"
"ONE PIECE: East Blue: Episódio 60","10/02/2022"
"ONE PIECE: East Blue: Episódio 59","10/02/2022"
"ONE PIECE: East Blue: Episódio 58","10/02/2022"
"ONE PIECE: East Blue: Episódio 57","10/02/2022"
"ONE PIECE: East Blue: Episódio 56","09/02/2022"
"ONE PIECE: East Blue: Episódio 55","09/02/2022"
"ONE PIECE: East Blue: Episódio 54","09/02/2022"
"ONE PIECE: East Blue: Episódio 53","09/02/2022"
"ONE PIECE: East Blue: Episódio 52","09/02/2022"
"ONE PIECE: East Blue: Episódio 51","09/02/2022"
"ONE PIECE: East Blue: Episódio 50","09/02/2022"
"ONE PIECE: East Blue: Episódio 49","09/02/2022"
"ONE PIECE: East Blue: Episódio 48","09/02/2022"
"ONE PIECE: East Blue: Episódio 47","08/02/2022"
"ONE PIECE: East Blue: Episódio 46","08/02/2022"
"ONE PIECE: East Blue: Episódio 45","08/02/2022"
"ONE PIECE: East Blue: Episódio 44","08/02/2022"
"ONE PIECE: East Blue: Episódio 43","08/02/2022"
"ONE PIECE: East Blue: Episódio 42","08/02/2022"
"ONE PIECE: East Blue: Episódio 41","08/02/2022"
"ONE PIECE: East Blue: Episódio 40","07/02/2022"
"ONE PIECE: East Blue: Episódio 39","06/02/2022"
"ONE PIECE: East Blue: Episódio 38","06/02/2022"
"ONE PIECE: East Blue: Episódio 37","06/02/2022"
"ONE PIECE: East Blue: Episódio 36","06/02/2022"
"ONE PIECE: East Blue: Episódio 35","06/02/2022"
"ONE PIECE: East Blue: Episódio 34","06/02/2022"
"ONE PIECE: East Blue: Episódio 33","06/02/2022"
"ONE PIECE: East Blue: Episódio 32","02/02/2022"
"ONE PIECE: East Blue: Episódio 31","27/01/2022"
"ONE PIECE: East Blue: Episódio 30","26/01/2022"
"ONE PIECE: East Blue: Episódio 29","25/01/2022"
"ONE PIECE: East Blue: Episódio 28","25/01/2022"
"ONE PIECE: East Blue: Episódio 27","25/01/2022"
"ONE PIECE: East Blue: Episódio 26","25/01/2022"
"ONE PIECE: East Blue: Episódio 25","25/01/2022"
"ONE PIECE: East Blue: Episódio 24","25/01/2022"
"ONE PIECE: East Blue: Episódio 23","25/01/2022"
"ONE PIECE: East Blue: Episódio 22","25/01/2022"
"ONE PIECE: East Blue: Episódio 21","25/01/2022"
"ONE PIECE: East Blue: Episódio 20","25/01/2022"
"ONE PIECE: East Blue: Episódio 19","25/01/2022"
"ONE PIECE: East Blue: Episódio 18","24/01/2022"
"ONE PIECE: East Blue: Episódio 17","24/01/2022"
"ONE PIECE: East Blue: Episódio 16","24/01/2022"
"ONE PIECE: East Blue: Episódio 15","21/01/2022"
"ONE PIECE: East Blue: Episódio 14","21/01/2022"
"ONE PIECE: East Blue: Episódio 13","21/01/2022"
"ONE PIECE: East Blue: Episódio 12","21/01/2022"
"One-Punch Man: Temporada 2: Limpando a bagunça do discípulo","13/01/2022"
"One-Punch Man: Temporada 2: As variedades do orgulho","13/01/2022"
"One-Punch Man: Temporada 2: Justiça sob cerco","13/01/2022"
"One-Punch Man: Temporada 2: O maior dos dilemas","13/01/2022"
"One-Punch Man: Temporada 2: A resistência dos fortes","13/01/2022"
"One-Punch Man: Temporada 2: Herói Classe S","13/01/2022"
"One-Punch Man: Temporada 2: A revolta dos monstros","13/01/2022"
"One-Punch Man: Temporada 2: O torneio de artes marciais","13/01/2022"
"One-Punch Man: Temporada 2: Metal Bat","07/01/2022"
"One-Punch Man: Temporada 2: A caça começa","07/01/2022"
"One-Punch Man: Temporada 2: Monstro humano","07/01/2022"
"One-Punch Man: Temporada 2: Retorno do herói","07/01/2022"
"One-Punch Man: Temporada 1: O herói mais forte","07/01/2022"
"O Rei","02/01/2022"
"Não Olhe para Cima","02/01/2022"
"One-Punch Man: Temporada 1: Conquistador do universo","22/12/2021"
"One-Punch Man: Temporada 1: Perigo incomparável","22/12/2021"
"One-Punch Man: Temporada 1: Ciclista da Justiça","22/12/2021"
"One-Punch Man: Temporada 1: Rei do Mar Profundo","17/12/2021"
"One-Punch Man: Temporada 1: O aprendiz supremo","17/12/2021"
"One-Punch Man: Temporada 1: A cidade fantasma","17/12/2021"
"One-Punch Man: Temporada 1: O mentor supremo","17/12/2021"
"One-Punch Man: Temporada 1: O ninja moderno","17/12/2021"
"One-Punch Man: Temporada 1: O cientista obstinado","17/12/2021"
"One-Punch Man: Temporada 1: O ciborgue solitário","17/12/2021"
"One-Punch Man: Temporada 1: O homem mais poderoso","17/12/2021"
"ONE PIECE: East Blue: Episódio 11","17/12/2021"
"ONE PIECE: East Blue: Episódio 10","17/12/2021"
"ONE PIECE: East Blue: Episódio 9","17/12/2021"
"ONE PIECE: East Blue: Episódio 8","10/12/2021"
"ONE PIECE: East Blue: Episódio 7","08/12/2021"
"ONE PIECE: East Blue: Episódio 6","08/12/2021"
"ONE PIECE: East Blue: Episódio 5","07/12/2021"
"ONE PIECE: East Blue: Episódio 4","07/12/2021"
"ONE PIECE: East Blue: Episódio 3","07/12/2021"
"ONE PIECE: East Blue: Episódio 2","07/12/2021"
"ONE PIECE: East Blue: Episódio 1","07/12/2021"
"Adoráveis mulheres","04/12/2021"
"A Bruxa","04/12/2021"
"O Regresso","04/12/2021"
"Estômago","04/12/2021"
"Cowboy Bebop: Rainha do heavy metal","02/12/2021"
"Cowboy Bebop: Sympathy for the devil","01/12/2021"
"Cowboy Bebop: Balada de anjos caídos","01/12/2021"
"Cowboy Bebop: Escapatória","01/12/2021"
"Cowboy Bebop: Honky tonk women","01/12/2021"
"Cowboy Bebop: Stray dog strut","01/12/2021"
"Cowboy Bebop: Asteroid blues","01/12/2021"
"Entrelinhas Pontilhadas: Episódio 6","30/11/2021"
"Entrelinhas Pontilhadas: Episódio 5","30/11/2021"
"Entrelinhas Pontilhadas: Episódio 4","30/11/2021"
"Entrelinhas Pontilhadas: Episódio 3","30/11/2021"
"Entrelinhas Pontilhadas: Episódio 2","30/11/2021"
"Entrelinhas Pontilhadas: Episódio 1","30/11/2021"
"O Segredo dos Animais","26/11/2021"
"O Espetacular Homem-Aranha 2 - A Ameaça de Electro","21/11/2021"
"Arcane: O monstro que você criou","21/11/2021"
"Arcane: Água e óleo","21/11/2021"
"Arcane: O garoto salvador","21/11/2021"
"Scarface","20/11/2021"
"White Boy Rick","20/11/2021"
"Arcane: A violência é essencial para a mudança","11/11/2021"
"Arcane: Alguns mistérios não devem ser desvendados","10/11/2021"
"Arcane: Entrando na brincadeira","10/11/2021"
"Em Ritmo de Fuga","09/11/2021"
"Você: Temporada 3: O que é o amor?","20/10/2021"
"Você: Temporada 3: Bandeira vermelha","19/10/2021"
"Você: Temporada 3: Tentativa e erro","19/10/2021"
"Você: Temporada 3: Todos nós aqui somos loucos","19/10/2021"
"Você: Temporada 3: Maternidade","19/10/2021"
"Você: Temporada 3: Na floresta","19/10/2021"
"Você: Temporada 3: Unidos em Madre Linda","19/10/2021"
"Você: Temporada 3: Síndrome da mulher branca desaparecida","18/10/2021"
"Você: Temporada 3: Casei com uma assassina","16/10/2021"
"Você: Temporada 3: E eles viveram felizes para sempre","16/10/2021"
"Você: Temporada 1: O último cara legal em Nova York","16/10/2021"
"Sex Education: Temporada 3: Episódio 2","11/10/2021"
"Sex Education: Temporada 3: Episódio 1","11/10/2021"
"Sex Education: Temporada 1: Episódio 1","11/10/2021"
"Round 6: Temporada 1: Um dia de sorte","10/10/2021"
"Round 6: Temporada 1: O líder","10/10/2021"
"Round 6: Temporada 1: VIPs","10/10/2021"
"Round 6: Temporada 1: Gganbu","10/10/2021"
"Round 6: Temporada 1: Um mundo justo","10/10/2021"
"Round 6: Temporada 1: Fiquem juntos","10/10/2021"
"Round 6: Temporada 1: O homem do guarda-chuva","10/10/2021"
"American Pie 3 - O casamento","03/10/2021"
"American Pie - A primeira vez é inesquecível","03/10/2021"
"O Que Ficou Para Trás","03/10/2021"
" ","02/10/2021"
"Drácula de Bram Stoker","02/10/2021"
"Alice in Borderland: Temporada 1: Episódio 2","02/10/2021"
"Alice in Borderland: Temporada 1: Episódio 1","02/10/2021"
"Round 6: Temporada 1: Inferno","01/10/2021"
"Round 6: Temporada 1: Batatinha frita 1, 2, 3","30/09/2021"
"Final Space: Temporada 2: Regata de Toro","23/09/2021"
"Final Space: Temporada 3: Covil do diabo","23/09/2021"
"Final Space: Temporada 3: A partida","23/09/2021"
"Final Space: Temporada 3: Os mortos falam","23/09/2021"
"Final Space: Temporada 3: Catástrofe iminente","23/09/2021"
"Final Space: Temporada 3: Ponte hipertransdimensional","23/09/2021"
"Final Space: Temporada 3: Perdão","22/09/2021"
"Final Space: Temporada 3: Câmara da Dúvida","22/09/2021"
"Final Space: Temporada 3: Uma mudança virá","22/09/2021"
"Final Space: Temporada 3: Momentos perdidos","21/09/2021"
"Final Space: Temporada 3: Uma de nós","21/09/2021"
"Final Space: Temporada 3: O ventrexiano","21/09/2021"
"Final Space: Temporada 3: A luz escondida","21/09/2021"
"Final Space: Temporada 3: Para o fogo","21/09/2021"
"Final Space: Temporada 1: Capítulo 1","21/09/2021"
"Little Witch Academia: Temporada 1: A Bruxa do Luar","10/08/2021"
"Little Witch Academia: Temporada 1: Noite de lua azul","10/08/2021"
"Little Witch Academia: Temporada 1: A abelha-cupido","10/08/2021"
"Little Witch Academia: Temporada 1: O ressuscitado","10/08/2021"
"Little Witch Academia: Temporada 1: A busca pela Sucy original","10/08/2021"
"Little Witch Academia: Temporada 1: Mandando bem mal","10/08/2021"
"Little Witch Academia: Temporada 1: A Fonte de Polaris","10/08/2021"
"Little Witch Academia: Temporada 1: A ira dos dragões","10/08/2021"
"Little Witch Academia: Temporada 1: A Noite Cai","10/08/2021"
"Little Witch Academia: Temporada 1: Nada vai me deter","10/08/2021"
"Little Witch Academia: Temporada 1: Papilliodia","10/08/2021"
"Little Witch Academia: Temporada 1: Começando do zero","10/08/2021"
"DEATH NOTE: Death Note: Rebirth","10/08/2021"
"Demon Slayer: Kimetsu no Yaiba: Tanjiro Kamado, Arco da Determinação Inabalável: Nova missão","10/08/2021"
"Demon Slayer: Kimetsu no Yaiba: Tanjiro Kamado, Arco da Determinação Inabalável: Kanao Tsuyuri, a Tsuguko","10/08/2021"
"Demon Slayer: Kimetsu no Yaiba: Tanjiro Kamado, Arco da Determinação Inabalável: Treino de reabilitação","10/08/2021"
"Demon Slayer: Kimetsu no Yaiba: Tanjiro Kamado, Arco da Determinação Inabalável: Reunião dos pilares","10/08/2021"
"Demon Slayer: Kimetsu no Yaiba: Tanjiro Kamado, Arco da Determinação Inabalável: Mestre da mansão","10/08/2021"
"Demon Slayer: Kimetsu no Yaiba: Tanjiro Kamado, Arco da Determinação Inabalável: Contra as regras da corporação","10/08/2021"
"Demon Slayer: Kimetsu no Yaiba: Tanjiro Kamado, Arco da Determinação Inabalável: Família de faz de conta","10/08/2021"
"Demon Slayer: Kimetsu no Yaiba: Tanjiro Kamado, Arco da Determinação Inabalável: Hinokami","10/08/2021"
"Demon Slayer: Kimetsu no Yaiba: Tanjiro Kamado, Arco da Determinação Inabalável: Um laço falso","09/08/2021"
"Demon Slayer: Kimetsu no Yaiba: Tanjiro Kamado, Arco da Determinação Inabalável: Seja mestre de uma única coisa","09/08/2021"
"Demon Slayer: Kimetsu no Yaiba: Tanjiro Kamado, Arco da Determinação Inabalável: Deixando alguém ir primeiro","09/08/2021"
"The Seven Deadly Sins: Ressurreição dos Dez Mandamentos: Desde que você esteja aqui","07/08/2021"
"The Seven Deadly Sins: Ressurreição dos Dez Mandamentos: A volta do herói","07/08/2021"
"The Seven Deadly Sins: Ressurreição dos Dez Mandamentos: A volta dos pecados","07/08/2021"
"The Seven Deadly Sins: Ressurreição dos Dez Mandamentos: Um certo calor","07/08/2021"
"The Seven Deadly Sins: Ressurreição dos Dez Mandamentos: Tenha esperança","07/08/2021"
"The Seven Deadly Sins: Ressurreição dos Dez Mandamentos: Meliodas contra os dez mandamentos","07/08/2021"
"The Seven Deadly Sins: Ressurreição dos Dez Mandamentos: Por quem aquela luz brilha?","06/08/2021"
"The Seven Deadly Sins: Ressurreição dos Dez Mandamentos: Figuras lendárias","06/08/2021"
"The Seven Deadly Sins: Ressurreição dos Dez Mandamentos: O labirinto da morte","06/08/2021"
"The Seven Deadly Sins: Ressurreição dos Dez Mandamentos: Uma confissão tenebrosa","06/08/2021"
"The Seven Deadly Sins: Ressurreição dos Dez Mandamentos: O mestre do Sol","06/08/2021"
"The Seven Deadly Sins: Ressurreição dos Dez Mandamentos: Adeus, amado ladrão","06/08/2021"
"The Seven Deadly Sins: Ressurreição dos Dez Mandamentos: Onde o amor é encontrado","06/08/2021"
"Demon Slayer: Kimetsu no Yaiba: Tanjiro Kamado, Arco da Determinação Inabalável: Monte Natagumo","06/08/2021"
"Demon Slayer: Kimetsu no Yaiba: Tanjiro Kamado, Arco da Determinação Inabalável: A casa do brasão da Família Wisteria","06/08/2021"
"The Seven Deadly Sins: Ressurreição dos Dez Mandamentos: Pai e filho","06/08/2021"
"The Seven Deadly Sins: Ressurreição dos Dez Mandamentos: O que nos faltava","06/08/2021"
"The Seven Deadly Sins: Ressurreição dos Dez Mandamentos: Promessa a uma pessoa amada","06/08/2021"
"The Seven Deadly Sins: Ressurreição dos Dez Mandamentos: A terra sagrada dos druidas","06/08/2021"
"The Seven Deadly Sins: Ressurreição dos Dez Mandamentos: Para onde as lembranças levam","06/08/2021"
"The Seven Deadly Sins: Ressurreição dos Dez Mandamentos: O grande mestre expia seus pecados","06/08/2021"
"The Seven Deadly Sins: Ressurreição dos Dez Mandamentos: Violência devastadora","06/08/2021"
"The Seven Deadly Sins: Ressurreição dos Dez Mandamentos: Os dez mandamentos à solta","06/08/2021"
"The Seven Deadly Sins: Ressurreição dos Dez Mandamentos: O tesouro sagrado Lostvayne","06/08/2021"
"The Seven Deadly Sins: Ressurreição dos Dez Mandamentos: Existência e prova","05/08/2021"
"The Seven Deadly Sins: Ressurreição dos Dez Mandamentos: O renascer do clã dos demônios","05/08/2021"
"The Seven Deadly Sins: Sinais da Guerra Santa: A forma do amor","05/08/2021"
"The Seven Deadly Sins: Sinais da Guerra Santa: Em busca do primeiro amor","05/08/2021"
"The Seven Deadly Sins: Sinais da Guerra Santa: Nosso festival de luta","05/08/2021"
"The Seven Deadly Sins: Sinais da Guerra Santa: O início de um sonho sombrio","05/08/2021"
"The Seven Deadly Sins: Heróis","05/08/2021"
"Demon Slayer: Kimetsu no Yaiba: Tanjiro Kamado, Arco da Determinação Inabalável: Algo mais importante que a vida","05/08/2021"
"Demon Slayer: Kimetsu no Yaiba: Tanjiro Kamado, Arco da Determinação Inabalável: O javali mostra suas presas, Zenitsu dorme","05/08/2021"
"Demon Slayer: Kimetsu no Yaiba: Tanjiro Kamado, Arco da Determinação Inabalável: Mansão Tsuzumi","05/08/2021"
"The Seven Deadly Sins: O advento do desespero","04/08/2021"
"The Seven Deadly Sins: O que posso fazer por você","04/08/2021"
"The Seven Deadly Sins: O feitiço da coragem","02/08/2021"
"The Seven Deadly Sins: O Rei das Fadas","02/08/2021"
"The Seven Deadly Sins: Mesmo que me custe a vida","02/08/2021"
"The Seven Deadly Sins: A primeira vítima","02/08/2021"
"The Seven Deadly Sins: Lendas contadas","02/08/2021"
"Demon Slayer: Kimetsu no Yaiba: Tanjiro Kamado, Arco da Determinação Inabalável: Juntos para sempre","02/08/2021"
"The Seven Deadly Sins: Cavaleiro profano","02/08/2021"
"The Seven Deadly Sins: O leitor de livros","02/08/2021"
"The Seven Deadly Sins: Discípulo da destruição","02/08/2021"
"The Seven Deadly Sins: O terrível Canon","02/08/2021"
"The Seven Deadly Sins: Sentimentos antigos","02/08/2021"
"The Seven Deadly Sins: O festival de luta de Byzel","01/08/2021"
"The Seven Deadly Sins: Pulsação das trevas","01/08/2021"
"The Seven Deadly Sins: A temível cavaleira sagrada","01/08/2021"
"The Seven Deadly Sins: Uma reunião emocionante","01/08/2021"
"The Seven Deadly Sins: O poema do início","01/08/2021"
"The Seven Deadly Sins: Mesmo que você morra","01/08/2021"
"The Seven Deadly Sins: O sonho de uma garotinha","01/08/2021"
"The Seven Deadly Sins: O pecado da Floresta Adormecida","01/08/2021"
"The Seven Deadly Sins: A espada do cavaleiro sagrado","31/07/2021"
"The Seven Deadly Sins: Os Sete Pecados Capitais","31/07/2021"
"Kakegurui: Uma garota chamada Yumeko Jabami","31/07/2021"
"Demon Slayer: Kimetsu no Yaiba: Tanjiro Kamado, Arco da Determinação Inabalável: O demônio da Temari e o demônio da flecha","31/07/2021"
"Demon Slayer: Kimetsu no Yaiba: Tanjiro Kamado, Arco da Determinação Inabalável: O aroma do sangue encantado","31/07/2021"
"Demon Slayer: Kimetsu no Yaiba: Tanjiro Kamado, Arco da Determinação Inabalável: Muzan Kibutsuji","31/07/2021"
"Demon Slayer: Kimetsu no Yaiba: Tanjiro Kamado, Arco da Determinação Inabalável: O espadachim que acompanhou um demônio","31/07/2021"
"Demon Slayer: Kimetsu no Yaiba: Tanjiro Kamado, Arco da Determinação Inabalável: Meu próprio aço","31/07/2021"
"Demon Slayer: Kimetsu no Yaiba: Tanjiro Kamado, Arco da Determinação Inabalável: Seleção final","31/07/2021"
"Demon Slayer: Kimetsu no Yaiba: Tanjiro Kamado, Arco da Determinação Inabalável: Sabito e Makomo","31/07/2021"
"Demon Slayer: Kimetsu no Yaiba: Tanjiro Kamado, Arco da Determinação Inabalável: Sakonji Urokodaki, o treinador","31/07/2021"
"Demon Slayer: Kimetsu no Yaiba: Tanjiro Kamado, Arco da Determinação Inabalável: Crueldade","31/07/2021"
"The Promised Neverland: Episódio 1 – 121045","31/07/2021"
"O cavaleiro das trevas","20/07/2021"
"Big Mouth: Temporada 4: O que você vai fazer?","08/07/2021"
"Big Mouth: Temporada 4: Casa mal-assombrada","08/07/2021"
"Big Mouth: Temporada 4: O funeral","08/07/2021"
"Big Mouth: Temporada 4: Quatro histórias, várias mãos","08/07/2021"
"Big Mouth: Temporada 4: Um novo Nick","07/07/2021"
"Big Mouth: Temporada 4: Onze de setembro","07/07/2021"
"Big Mouth: Temporada 4: Garotas da lanchonete","07/07/2021"
"Big Mouth: Temporada 4: Tudo culpa do cocô","07/07/2021"
"Big Mouth: Temporada 4: Menstruação interminável","07/07/2021"
"Big Mouth: Temporada 4: Meu novo eu","07/07/2021"
"Love, Death & Robots: Volume 2: O gigante afogado","07/07/2021"
"Love, Death & Robots: Volume 2: Gaiola de sobrevivência","07/07/2021"
"Love, Death & Robots: Volume 2: Pela casa","07/07/2021"
"Love, Death & Robots: Volume 2: A grama alta","07/07/2021"
"Love, Death & Robots: Volume 2: Snow no deserto","07/07/2021"
"Love, Death & Robots: Volume 2: Esquadrão de extermínio","06/07/2021"
"Love, Death & Robots: Volume 2: Gelo","06/07/2021"
"Love, Death & Robots: Volume 2: Atendimento automático ao cliente","06/07/2021"
"Sex/Life: Império de memórias","01/07/2021"
"Naruto Shippuden: Temporada 5: Quebrando o estilo cristal","01/07/2021"
"Naruto Shippuden: Temporada 5: A barreira de selamento de quatro pontas","01/07/2021"
"Naruto Shippuden: Temporada 5: Reagrupando!","01/07/2021"
"Naruto Shippuden: Temporada 5: O sentimento de cada um","01/07/2021"
"Sem Maturidade Para Isso: Temporada 2: Os homens são demais! / Cavalo secreto","01/07/2021"
"Sem Maturidade Para Isso: Temporada 2: Aonde você foi, Bridgette? / O despertar erótico de A.P. LaPearle","30/06/2021"
"Sem Maturidade Para Isso: Temporada 2: Bebida do tempo / O melhor professor do mundo","30/06/2021"
"Naruto Shippuden: Temporada 5: Dentro do nevoeiro","30/06/2021"
"Naruto Shippuden: Temporada 5: A besta de cauda barulhenta","30/06/2021"
"Naruto Shippuden: Temporada 5: O alvo é revelado","30/06/2021"
"Naruto Shippuden: Temporada 5: O labirinto dos reflexos distorcidos","30/06/2021"
"Naruto Shippuden: Temporada 5: O inimigo invisível","30/06/2021"
"Naruto Shippuden: Temporada 5: Os dois amuletos","30/06/2021"
"Sem Maturidade Para Isso: Temporada 2: Faz tudo / Supersságio","30/06/2021"
"Sem Maturidade Para Isso: Temporada 2: O sofá assombrado / Treino para ser corajoso","30/06/2021"
"Sem Maturidade Para Isso: Temporada 2: Problema de junta / Matriz cibernética","11/06/2021"
"Sem Maturidade Para Isso: Temporada 2: Cara-de-molho / Hóspede do inferno","11/06/2021"
"Sem Maturidade Para Isso: Temporada 2: Josh fica marombado / Conheça os frackers","11/06/2021"
"Naruto Shippuden: Temporada 5: Uma noite chuvosa","11/05/2021"
"Naruto Shippuden: Temporada 5: Conectando corações","11/05/2021"
"Naruto Shippuden: Temporada 5: Encontro","11/05/2021"
"Naruto Shippuden: Temporada 5: O esconderijo de Orochimaru é descoberto","11/05/2021"
"Naruto Shippuden: Temporada 5: A determinação de um Shinobi","11/05/2021"
"Naruto Shippuden: Temporada 5: O preço do poder","11/05/2021"
"Naruto Shippuden: Temporada 4: Estilo vento: Rasen Shuriken!","11/05/2021"
"Naruto Shippuden: Temporada 4: Quando se amaldiçoa alguém, cava-se o próprio túmulo","11/05/2021"
"Naruto Shippuden: Temporada 4: O gênio Shikamaru","11/05/2021"
"Naruto Shippuden: Temporada 4: O terrível segredo","02/05/2021"
"Naruto Shippuden: Temporada 4: As habilidades de Kakuzu","02/05/2021"
"Naruto Shippuden: Temporada 4: Alvo na mira!","02/05/2021"
"Naruto Shippuden: Temporada 4: Equipe 10","02/05/2021"
"Naruto Shippuden: Temporada 4: Notícias tristes","01/05/2021"
"Naruto Shippuden: Temporada 4: Últimas palavras","01/05/2021"
"Naruto Shippuden: Temporada 4: Um grito interrompido","01/05/2021"
"Naruto Shippuden: Temporada 4: O julgamento","30/04/2021"
"Naruto Shippuden: Temporada 4: Escalada de prata","30/04/2021"
"Naruto Shippuden: Temporada 4: O próximo passo","30/04/2021"
"Naruto Shippuden: Temporada 4: A oração do velho monge","30/04/2021"
"Naruto Shippuden: Temporada 4: Sob o céu estrelado","30/04/2021"
"Naruto Shippuden: Temporada 4: A invasão da Akatsuki","30/04/2021"
"Naruto Shippuden: Temporada 4: Uma ameaça se aproxima","30/04/2021"
"Naruto Shippuden: Temporada 3: Meu amigo","30/04/2021"
"Naruto Shippuden: Temporada 3: Ressonância","30/04/2021"
"Naruto Shippuden: Temporada 3: Desespero","30/04/2021"
"Naruto Shippuden: Temporada 3: Momento de despertar","28/04/2021"
"Naruto Shippuden: Temporada 3: Uma luta até a morte","28/04/2021"
"Naruto Shippuden: Temporada 3: Almas ressuscitadas","28/04/2021"
"Naruto Shippuden: Temporada 3: Presa na escuridão","27/04/2021"
"Naruto Shippuden: Temporada 3: O sinal de fogo preto","27/04/2021"
"Naruto Shippuden: Temporada 3: Os dois reis","26/04/2021"
"Naruto Shippuden: Temporada 3: Companheiro de equipe","26/04/2021"
"Naruto Shippuden: Temporada 3: Contato","22/04/2021"
"Naruto Shippuden: Temporada 3: Impermanência","22/04/2021"
"Naruto Shippuden: Temporada 3: Um novo inimigo","22/04/2021"
"Naruto Shippuden: Temporada 3: Solidão","20/04/2021"
"Naruto Shippuden: Temporada 3: O despertar do sono eterno","19/04/2021"
"Naruto Shippuden: Temporada 3: Contorção","19/04/2021"
"Naruto Shippuden: Temporada 3: Vento","16/04/2021"
"Naruto Shippuden: Temporada 3: Pesadelo","31/03/2021"
"Naruto Shippuden: Temporada 2: Título","31/03/2021"
"Naruto Shippuden: Temporada 2: O poder de Uchiha","30/03/2021"
"Naruto Shippuden: Temporada 2: Reencontro","30/03/2021"
"Naruto Shippuden: Temporada 2: A história do álbum ilustrado","30/03/2021"
"Naruto Shippuden: Temporada 2: Algo importante…","30/03/2021"
"Naruto Shippuden: Temporada 2: Laços","30/03/2021"
"Naruto Shippuden: Temporada 2: Infiltração: o covil da cobra!","29/03/2021"
"Naruto Shippuden: Temporada 2: A página inacabada","29/03/2021"
"Naruto Shippuden: Temporada 2: Traição e suas consequências","29/03/2021"
"Naruto Shippuden: Temporada 2: O segredo da batalha","29/03/2021"
"Naruto Shippuden: Temporada 2: As lágrimas de Sakura","29/03/2021"
"Naruto Shippuden: Temporada 2: Orochimaru versus Jinchuriki","29/03/2021"
"Naruto Shippuden: Temporada 2: A missão super secreta se inicia","29/03/2021"
"Naruto Shippuden: Temporada 2: A nove caudas se liberta","29/03/2021"
"Naruto Shippuden: Temporada 2: A ponte Tenchi","28/03/2021"
"Naruto Shippuden: Temporada 2: Simulação","27/03/2021"
"Naruto Shippuden: Temporada 2: Sem título","26/03/2021"
"Naruto Shippuden: Temporada 2: O falso sorriso","26/03/2021"
"Naruto Shippuden: Temporada 2: Uma adição indesejada","26/03/2021"
"Naruto Shippuden: Temporada 2: Formação! A nova equipe Kakashi","26/03/2021"
"Naruto Shippuden: Temporada 2: Um novo alvo","26/03/2021"
"Naruto Shippuden: Temporada 1: A volta do Kazekage","25/03/2021"
"Naruto Shippuden: Temporada 1: O legado","25/03/2021"
"Naruto Shippuden: Temporada 1: A estética de um momento","25/03/2021"
"Naruto Shippuden: Temporada 1: Kakashi iluminado!","23/03/2021"
"Naruto Shippuden: Temporada 1: As feras ressuscitadas!","23/03/2021"
"Naruto Shippuden: Temporada 1: Um sonho impossível","20/03/2021"
"Naruto Shippuden: Temporada 1: Luta entre marionetes: dez contra cem!","20/03/2021"
"Naruto Shippuden: Temporada 1: Três minutos entre a vida e a morte","20/03/2021"
"Naruto Shippuden: Temporada 1: O terceiro Kazekage","20/03/2021"
"Naruto Shippuden: Temporada 1: Pai e mãe","20/03/2021"
"Naruto Shippuden: Temporada 1: As habilidades secretas de Chiyo","20/03/2021"
"Naruto Shippuden: Temporada 1: O verdadeiro rosto de Sasori","18/03/2021"
"Naruto Shippuden: Temporada 1: Hiruko contra duas Kunoichi!","18/03/2021"
"Naruto Shippuden: Temporada 1: Armadilhas ativadas... Os inimigos da Equipe Guy!","18/03/2021"
"Naruto Shippuden: Temporada 1: Postura tática: operação entrada em gancho!","18/03/2021"
"Naruto Shippuden: Temporada 1: A morte do Gaara!","10/03/2021"
"Naruto Shippuden: Temporada 1: O segredo do Jinchurik!","10/03/2021"
"Naruto Shippuden: Temporada 1: A esfera secreta se chama...","10/03/2021"
"Naruto Shippuden: Temporada 1: O crescimento de Naruto","10/03/2021"
"Naruto Shippuden: Temporada 1: Um encontro com destino","10/03/2021"
"Naruto Shippuden: Temporada 1: A determinação da vovó aposentada","10/03/2021"
"Naruto Shippuden: Temporada 1: A aprendiz de médica ninja","10/03/2021"
"Naruto Shippuden: Temporada 1: Jutsu de selamento: nove dragões fantasmas!","10/03/2021"
"Sem Maturidade Para Isso: Temporada 1: O cara-cachorro","09/03/2021"
"Sem Maturidade Para Isso: Temporada 1: Primeiro encontro / Lesmando","09/03/2021"
"Sem Maturidade Para Isso: Temporada 1: Até mais, meninos / Bata palma assim","09/03/2021"
"Sem Maturidade Para Isso: Temporada 1: Robô tutor / O jogador de ouro","09/03/2021"
"Sem Maturidade Para Isso: Temporada 1: Guerra de pegadinha / As mães legais","08/03/2021"
"Sem Maturidade Para Isso: Temporada 1: O pai do skate / Dia sem estresse","08/03/2021"
"Sem Maturidade Para Isso: Temporada 1: Fuga do Logan / Pais da sala","08/03/2021"
"Sem Maturidade Para Isso: Temporada 1: Prazeres com culpa / Casa perfeita","08/03/2021"
"Naruto Shippuden: Temporada 1: As lágrimas do Jinchuriki","23/02/2021"
"Naruto Shippuden: Temporada 1: Equipe Kakashi se mobiliza","23/02/2021"
"Naruto Shippuden: Temporada 1: Corra, Kankuro","23/02/2021"
"Naruto Shippuden: Temporada 1: Missão cumprida","23/02/2021"
"Naruto Shippuden: Temporada 1: Kazekage se mantém no alto","23/02/2021"
"Naruto Shippuden: Temporada 1: O Jinchuriki da areia","23/02/2021"
"Naruto Shippuden: Temporada 1: Os resultados do treinamento","23/02/2021"
"Naruto Shippuden: Temporada 1: Os Akatsuki entram em ação","23/02/2021"
"Naruto Shippuden: Temporada 1: Voltando para casa","23/02/2021"
"Avatar - A lenda de Aang: Avatar - A lenda de Aang: Livro 1: The Avatar Returns: Parte 2","10/02/2021"
"Avatar - A lenda de Aang: Avatar - A lenda de Aang: Livro 1: The Southern Air Temple","08/02/2021"
"Avatar - A lenda de Aang: Avatar - A lenda de Aang: Livro 1: The Boy in the Iceberg: The Avatar Returns: Parte 1","08/02/2021"
"A Casa","19/01/2021"
"Love, Death & Robots: Volume 1: ZIMA BLUE","16/12/2020"
"Love, Death & Robots: Volume 1: PONTO CEGO","16/12/2020"
"Love, Death & Robots: Volume 1: 13, NÚMERO DA SORTE","14/12/2020"
"Love, Death & Robots: Volume 1: HISTÓRIAS ALTERNATIVAS","14/12/2020"
"Love, Death & Robots: Volume 1: AJUDINHA","14/12/2020"
"Love, Death & Robots: Volume 1: NOITE DE PESCARIA","10/12/2020"
"Love, Death & Robots: Volume 1: METAMORFOS","10/12/2020"
"Love, Death & Robots: Volume 1: O LIXÃO","10/12/2020"
"Love, Death & Robots: Volume 1: BOA CAÇADA","10/12/2020"
"Love, Death & Robots: Volume 1: PROTEÇÃO CONTRA ALIENÍGENAS","10/12/2020"
"Love, Death & Robots: Volume 1: A TESTEMUNHA","10/12/2020"
"Love, Death & Robots: Volume 1: SUGADOR DE ALMAS","10/12/2020"
"Love, Death & Robots: Volume 1: A GUERRA SECRETA","09/12/2020"
"Love, Death & Robots: Volume 1: QUANDO O IOGURTE ASSUMIU O CONTROLE","09/12/2020"
"Love, Death & Robots: Volume 1: A VANTAGEM DE SONNIE","09/12/2020"
"Love, Death & Robots: Volume 1: ERA DO GELO","09/12/2020"
"Love, Death & Robots: Volume 1: PARA ALÉM DA FENDA DE ÁQUILA","09/12/2020"
"Love, Death & Robots: Volume 1: OS TRÊS ROBÔS","09/12/2020"
"Anaconda","06/12/2020"
"Exterminadores do Além Contra a Loira do Banheiro","06/12/2020"
"O Albergue","06/12/2020"
"Você: Temporada 1: Piloto","19/11/2020"
"Naruto: Temporada 7: Desespero: um coração fraturado","19/10/2020"
"Naruto: Temporada 7: Infiltração: movimente-se","19/10/2020"
"Naruto: Temporada 7: A porta fechada","08/10/2020"
"Naruto: Temporada 7: Lembranças: a página perdida","08/10/2020"
"Naruto: Temporada 7: Misturem, amassem e fervam!","08/10/2020"
"Naruto: Temporada 7: Quando as garças batem as asas","08/10/2020"
"Naruto: Temporada 7: Quando o tempo para","08/10/2020"
"Naruto: Temporada 7: A morte de Naruto","07/10/2020"
"Naruto: Temporada 7: Tarde demais para ajudar","25/09/2020"
"Naruto: Temporada 7: A intenção do toque","25/09/2020"
"Naruto: Temporada 7: O guerreiro maldito","25/09/2020"
"Naruto: Temporada 7: O aparecimento dos estranhos visitantes","25/09/2020"
"Naruto: Temporada 6: Caçar ou ser caçado? Decisão no templo O.K.","25/09/2020"
"Naruto: Temporada 6: O caçador de recompensas do deserto","25/09/2020"
"Naruto: Temporada 6: Siga-me! O grande desafio de sobrevivência","25/09/2020"
"Naruto: Temporada 6: Corra! O curry da vida","25/09/2020"
"Naruto: Temporada 6: O contra-ataque de Raiga","25/09/2020"
"Naruto: Temporada 6: As sinistras nuvens negras","24/09/2020"
"Naruto: Temporada 6: O inimigo do Byakugan","24/09/2020"
"Naruto: Temporada 6: Uma lição aprendida! O punho de ferro do amor!","24/09/2020"
"Naruto: Temporada 6: Marcha fúnebre para os vivos!","24/09/2020"
"Naruto: Temporada 6: Queime Byakugan ! Esse é meu jeito ninja de ser!!","21/09/2020"
"Naruto: Temporada 6: Uma batalha de insetos! Engane e será enganado!","21/09/2020"
"Naruto: Temporada 6: Qual a diferença? Todos os insetos não são parecidos?","17/09/2020"
"Naruto: Temporada 6: A busca pelo raro besouro Bikochu","17/09/2020"
"Naruto: Temporada 6: Um confronto do destino: você não pode me vencer!","17/09/2020"
"Naruto: Temporada 6: A sombra de Orochimaru","17/09/2020"
"Naruto: Temporada 6: Uma nova formação: Ino-Shika-Cho!","17/09/2020"
"Naruto: Temporada 6: Uma nova equipe! Duas pessoas e um cachorro?!","17/09/2020"
"Naruto: Temporada 6: Tonton! Eu estou contando com você!","17/09/2020"
"Naruto: Temporada 6: Os três vilões da prisão de segurança máxima","16/09/2020"
"Naruto: Temporada 6: A determinação de Sakura!","08/09/2020"
"Naruto: Temporada 6: Duas batidas do coração: a armadilha de Kabuto","08/09/2020"
"Naruto: Temporada 6: Puro terror! A casa de Orochimaru","08/09/2020"
"Naruto: Temporada 6: Traição inocente e um apelo fugaz!","08/09/2020"
"A Missy Errada","07/09/2020"
"Naruto: Temporada 6: Uma cidade de bandidos! A sombra do clã Fuuma","07/09/2020"
"Naruto: Temporada 6: Disfarce total!? Uma supermissão Nível S!","04/09/2020"
"Naruto: Temporada 5: A promessa que não pode ser cumprida","03/09/2020"
"Naruto: Temporada 5: O fim das lágrimas","03/09/2020"
"Naruto: Temporada 5: Apelo de um amigo","03/09/2020"
"Naruto: Temporada 5: Por um amigo","03/09/2020"
"Naruto: Temporada 5: Os segredos do Mangekyo Sharingan","03/09/2020"
"Naruto: Temporada 5: Pai e filho, o emblema partido","03/09/2020"
"Naruto: Temporada 5: Irmãos: distanciamento entre os Uchiha","03/09/2020"
"Naruto: Temporada 5: Um grito para ouvidos surdos","02/09/2020"
"Naruto: Temporada 5: Um golpe vingativo! A dança da Samambaia!","02/09/2020"
"Naruto: Temporada 5: A luta final: Gaara contra Kimimaro","02/09/2020"
"Atirador","28/08/2020"
"Dançarina Imperfeita","27/08/2020"
"Naruto: Temporada 5: Os shinobi da areia: aliados da Folha","27/08/2020"
"Naruto: Temporada 5: Possuído pela besta","27/08/2020"
"Naruto: Temporada 5: O demônio bonitão da aldeia da Folha!","27/08/2020"
"Naruto: Temporada 5: A distração: o retorno de Shikamaru!","27/08/2020"
"Naruto: Temporada 5: A batalha de cada um","27/08/2020"
"Naruto: Temporada 5: Rugidos e uivos! A derradeira equipe de lutadores","27/08/2020"
"Naruto: Temporada 5: Erro de calculo: um novo inimigo aparece!","26/08/2020"
"Naruto: Temporada 5: O hospedeiro chega tarde demais!","26/08/2020"
"Naruto: Temporada 5: Perder não é uma opção!","26/08/2020"
"Naruto: Temporada 5: 360 graus de visão: o ponto cego do Byakugan!","26/08/2020"
"Naruto: Temporada 5: Seu oponente sou eu!","26/08/2020"
"Naruto: Temporada 5: Adeus velho amigo. eu sempre acreditarei em você!","26/08/2020"
"Naruto: Temporada 5: Força total! Chouji, arrasa!","26/08/2020"
"Naruto: Temporada 5: Motim na equipe: a união se defaz!","26/08/2020"
"Naruto: Temporada 5: Som contra folha","26/08/2020"
"Naruto: Temporada 5: Formação! A equipe de resgate de Sasuke","26/08/2020"
"Naruto: Temporada 5: Um convite do som","26/08/2020"
"Naruto: Temporada 5: Rivais amargos e laços desfeitos","26/08/2020"
"Naruto: Temporada 5: A batalha começa: Naruto contra Sasuke!","26/08/2020"
"Naruto: Temporada 4: O último arranco: o ato final de desespero","26/08/2020"
"CHiPs: O Filme","24/08/2020"
"Naruto: Temporada 4: Uma Batalha Feroz do Trovão Retumbante!","24/08/2020"
"Naruto: Temporada 4: Corra, Idate, corra… A Ilha Nagi o aguarda!","24/08/2020"
"Naruto: Temporada 4: A corrida começou! Problemas em alto mar!","24/08/2020"
"Naruto: Temporada 4: Missão: ajudar um velho amigo do país do chá!","24/08/2020"
"Naruto: Temporada 4: O verdadeiro rosto do Kakashi-Sensei!","24/08/2020"
"Naruto: Temporada 4: Sensei e o aluno: o laço dos shinobi!","24/08/2020"
"Naruto: Temporada 4: A vontade do fogo ainda queima","24/08/2020"
"Naruto: Temporada 4: O aviso de Tsunade: ninja nunca mais!","24/08/2020"
"Naruto: Temporada 4: Sequestrado! A aventura de Naruto nas fontes termais","24/08/2020"
"Naruto: Temporada 4: Paralisação completa! O fim do Sannin!","24/08/2020"
"Naruto: Temporada 4: O quinto Hokage…Apostando a vida","24/08/2020"
"Naruto: Temporada 4: Atacar! A fúria do Rasengan!","24/08/2020"
"Naruto: Temporada 4: Interrupção…O acordo acabou!","24/08/2020"
"Naruto: Temporada 4: Uma oferta duvidosa! A escolha de Tsunade!","24/08/2020"
"Naruto: Temporada 4: Herança! O colar da morte!","24/08/2020"
"Naruto: Temporada 4: Imperdoável! Uma total falta de respeito!","23/08/2020"
"Naruto: Temporada 4: Uma escolha impossível: a dor dentro do coração de Tsunade","23/08/2020"
"Naruto: Temporada 4: Ponto focal: a marca da folha!","23/08/2020"
"Naruto: Temporada 4: O treinamento continua: estoure o balão d´água!","23/08/2020"
"Naruto: Temporada 4: Um novo treinamento começa! Eu serei forte!","23/08/2020"
"Operação Fronteira","21/08/2020"
"A Barraca do Beijo 2","21/08/2020"
"Power","21/08/2020"
"Naruto: Temporada 4: Ódio entre os Uchihas: o último do clã!","21/08/2020"
"Naruto: Temporada 4: Ruja, Chidori! Irmão contra irmão!","21/08/2020"
"Naruto: Temporada 4: Jiraiya: o potencial desastre do Naruto!","21/08/2020"
"Naruto: Temporada 4: Olho no olho: Sharingan contra Sharingan!","21/08/2020"
"Naruto: Temporada 4: O retorno da névoa matutina","21/08/2020"
"Naruto: Temporada 3: O terceiro Hokage, para sempre...","21/08/2020"
"Naruto: Temporada 3: Além do limite da escuridão e luz!","21/08/2020"
"Naruto: Temporada 3: O manual do ninja Naruto!","21/08/2020"
"Naruto: Temporada 3: Luz contra escuridão: as duas faces de Gaara","20/08/2020"
"Naruto: Temporada 3: O assassino da noite enluarada","20/08/2020"
"Naruto: Temporada 3: A decisão de Sasuke: pressionado ao extremo!","20/08/2020"
"Naruto: Temporada 3: Uma verdade surpreendente! A identidade do Gaara aparece!","20/08/2020"
"Naruto: Temporada 3: Técnica secreta proibida: selo Ceifeiro da Morte!","20/08/2020"
"Naruto: Temporada 3: Um erro do passado: o rosto revelado!","20/08/2020"
"Naruto: Temporada 3: Uma luta incomparável: Hokage contra Hokage!","20/08/2020"
"Naruto: Temporada 3: O ocioso entra em ação:chega de preguiça!","20/08/2020"
"Naruto: Temporada 3: Aldeia angustiada missão nível A!","20/08/2020"
"Naruto: Temporada 3: Zero hora! A destruição da aldeia da Folha começa!","20/08/2020"
"Naruto: Temporada 3: Atrasado para o show, mas pronto para lutar! A derradeira técnica nasce!","14/08/2020"
"Naruto: Temporada 3: O Jutsu do sobrancelhudo: estilo Sasuke!","14/08/2020"
"Naruto: Temporada 3: Folha dançante, areia contorcida","14/08/2020"
"Naruto: Temporada 3: Motivação zero: o cara com inveja da nuvem!","14/08/2020"
"Naruto: Temporada 3: Bata ou desista: as rodadas finais ficam complicadas!","14/08/2020"
"Naruto: Temporada 3: O verdadeiro poder do perdedor!","10/08/2020"
"Naruto: Temporada 3: A derradeira defesa: no ponto zero!","10/08/2020"
"Naruto: Temporada 3: Byakugan contra Jutsu clones da sombra!","10/08/2020"
"Naruto: Temporada 3: As rodadas finais: a corrida para a arena de batalha!","10/08/2020"
"Naruto: Temporada 3: Hospital sitiado: a mão do mal revelada!","10/08/2020"
"Naruto: Temporada 3: Ele voa! Ele salta! Ele espreita! O Sapo Chefe aparece!","10/08/2020"
"Naruto: Temporada 3: Viva ou morra: arrisque tudo para ganhar tudo!","08/08/2020"
"Naruto: Temporada 3: Um sentimento de anseio, uma flor cheia de esperança","08/08/2020"
"Thiago Ventura: POKAS","07/08/2020"
"Naruto: Temporada 3: Jutsu de invocação: a sabedoria do sábio Sapo!!","07/08/2020"
"Naruto: Temporada 3: Após muito tempo: Jiraiya retorna!","07/08/2020"
"Naruto: Temporada 2: Ebisu Returns: Naruto's Toughest Training Yet!","28/07/2020"
"Naruto: Temporada 2: A Shadow in Darkness: Danger Approaches Sasuke","28/07/2020"
"Naruto: Temporada 2: The Fifth Gate: A Splendid Ninja Is Born","28/07/2020"
"Naruto: Temporada 2: Lee's Hidden Strength: Forbidden Secret Jutsu!","28/07/2020"
"Naruto: Temporada 2: Gaara vs. Rock Lee: The Power of Youth Explodes!","28/07/2020"
"Naruto: Temporada 2: A Failure Stands Tall!","28/07/2020"
"Naruto: Temporada 2: Byakugan Battle: Hinata Grows Bold!","27/07/2020"
"Naruto: Temporada 2: Surprise Attack! Naruto's Secret Weapon!","27/07/2020"
"Naruto: Temporada 2: Akamaru Unleashed! Who's Top Dog Now?","27/07/2020"
"Naruto: Temporada 2: Killer Kunoichi and a Shaky Shikamaru","27/07/2020"
"Naruto: Temporada 2: The Ultimate Battle: Cha!","26/07/2020"
"Naruto: Temporada 2: Kunoichi Rumble: The Rivals Get Serious!","26/07/2020"
"Naruto: Temporada 2: Kakashi and Orochimaru: Face-to-Face!","26/07/2020"
"Naruto: Temporada 2: Bushy Brow's Jealousy: Lions Barrage Unleashed!","26/07/2020"
"Naruto: Temporada 2: Narrowing the Field: Sudden Death Elimination!","26/07/2020"
"Naruto: Temporada 2: Surviving the Cut!  The Rookie Nine Together Again!","26/07/2020"
"Naruto: Temporada 2: Clone vs. Clone: Mine are Better than Yours!","26/07/2020"
"Naruto: Temporada 2: The Scroll's Secret: No Peeking Allowed","26/07/2020"
"Naruto: Temporada 2: Akamaru Trembles: Gaara's Cruel Strength!","26/07/2020"
"Naruto: Temporada 2: Battle Formation: Ino-Shika-Cho!","26/07/2020"
"Naruto: Temporada 2: Sakura Blossoms!","26/07/2020"
"Naruto: Temporada 2: Bushy Brow's Pledge: Undying Love and Protection!","26/07/2020"
"Naruto: Temporada 2: The Sharingan Revived: Dragon-Flame Jutsu!","26/07/2020"
"MILF","24/07/2020"
"Parker","24/07/2020"
"Naruto: Temporada 2: Naruto's Counterattack: Never Give In!","24/07/2020"
"Naruto: Temporada 2: Eat or Be Eaten: Panic in the Forest","24/07/2020"
"Naruto: Temporada 2: The Chunin Exam Stage 2: The Forest of Death","24/07/2020"
"Naruto: Temporada 1: Special Report: Live from the Forest of Death!","24/07/2020"
"Naruto: Temporada 1: The Tenth Question: All or Nothing!","24/07/2020"
"Naruto: Temporada 1: Start Your Engines: The Chunin Exam Begins!","24/07/2020"
"Naruto: Temporada 1: Genin Takedown! All Nine Rookies Face Off!","24/07/2020"
"Naruto: Temporada 1: Chunin Challenge: Rock Lee vs. Sasuke!","23/07/2020"
"Naruto: Temporada 1: Identify Yourself: Powerful New Rivals","23/07/2020"
"Naruto: Temporada 1: A New Chapter Begins: The Chunin Exam!","23/07/2020"
"Naruto: Temporada 1: The Demon in the Snow","23/07/2020"
"Naruto: Temporada 1: The Weapons Known as Shinobi","23/07/2020"
"Resgate","20/07/2020"
"Bala Perdida","19/07/2020"
"The Old Guard","19/07/2020"
"Adú","17/07/2020"
"Atômica","04/07/2020"
"Black Mirror: Bandersnatch","04/07/2020"
"A Teoria de Tudo","04/07/2020"
"Gravidade","04/07/2020"
"O Poço","03/07/2020"
"Patrulha Canina: Temporada 2: Os filhotes salvam os pinguins / Os filhotes salvam um filhote de golfinho","29/12/2019"
"Klaus","28/12/2019"
"Bob Esponja - Um Herói Fora D'Água","27/12/2019"
